<?xml version="1.0" encoding="UTF-8" ?>
<!DOCTYPE configuration
PUBLIC "-//mybatis.org//DTD Config 3.0//EN"
"http://mybatis.org/dtd/mybatis-3-config.dtd">
<configuration>
		<typeAliases>
			<typeAlias 
				type="com.google.buscador.venta.bean.ClienteBean" 
				alias="ClienteIbatis"/>
			<typeAlias 
				type="com.google.buscador.venta.bean.ProductoBean" 
				alias="ProductoIbatis"/>	
			<typeAlias 
				type="com.google.buscador.venta.bean.BoletaBean" 
				alias="BoletaIbatis"/>
			<typeAlias 
				type="com.google.buscador.venta.bean.DetalleBoletaBean" 
				alias="DetalleIbatis"/>		
		</typeAliases>
		<environments default="development">
		<environment id="development">
		<transactionManager type="JDBC" />
			<dataSource type="UNPOOLED">
						<property name="driver" value="com.mysql.jdbc.Driver" />
						<property name="url" value="jdbc:mysql://localhost:3306/mydb" />
						<property name="username" value="root" />
						<property name="password" value="mysql" />
			</dataSource>
		</environment>
	</environments>
	
	<!--  Registro de los mappers  -->
	<mappers>
		<mapper resource="mapper.xml" />
	</mappers>
</configuration>

