<?xml version="1.0" encoding="UTF-8" ?>
<!DOCTYPE mapper
PUBLIC "-//mybatis.org//DTD Mapper 3.0//EN"
"http://mybatis.org/dtd/mybatis-3-mapper.dtd">
	<!-- 
		** useGeneratedKeys="true" keyProperty="idBoleta" **
		Que al ejecutarse el SQL se autogenere el KEY
		y lo coloque al atributo idBoleta
	 -->
<mapper namespace="dawi">
	<!--  
			Primer paso es mapear toda la se de datos
			
			columna -> columna de la BD
			property -> atributo de la clase 
			id -> PK
		    association -> FK
	-->
	<resultMap type="ClienteIbatis" id="resultClientes">
		<id column="idcliente" property="idCliente"/>
		<result column="nombre" property="nombre"/>
		<result column="apellido" property="apellido"/>
	</resultMap>
	<resultMap type="ProductoIbatis" id="resultProductos">
		<id column="idproducto" property="idProducto"/>
		<result column="nombre" property="nombre"/>
		<result column="marca" property="marca"/>
		<result column="precio" property="precio"/>
		<result column="stock" property="stock"/>
	</resultMap>	
	<select id="SQL_traeClientes" 
		statementType="CALLABLE" resultMap="resultClientes">
		call sp_listarClientes()
	</select>
	<select id="SQL_traeProductos" 
		statementType="CALLABLE" resultMap="resultProductos">
		call sp_listarProductos()
	</select>
	<insert id="SQL_insertaBoletaCabecera" statementType="CALLABLE" 
		parameterType="BoletaIbatis">
		call sp_insertBoleta(#{idBoleta},#{idCliente})	
	</insert>
	<insert id="SQL_insertaBoletaDetalle" statementType="CALLABLE" 
		parameterType="DetalleIbatis">
		call sp_insertDetalle(#{idProducto},#{idBoleta},
								#{precio},#{cantidad})	
	</insert>
</mapper>






